ResourceID,Analysis Compiler,Analysis Conservation status,Analysis Description,Analysis Name,Analysis Photos Macroscopic,Analysis Photos Microscopy,Analysis Photos SEM EDS,Analysis Sampling Date,Identifier Content,Identifier Type,Related Object,Related Object Withdrawal Point,Spectrum Interpreted Data,Spectrum Raw Data,Spectrum Technique,TEMP SAMPLE
01c644a2-d89b-43be-d331-af1a08bba45c,"[{""resourceId"": ""ce1d8b72-1f9f-e864-7c76-b2988cd5b7e4"", ""ontologyProperty"": """", ""resourceXresourceId"": ""9d5e38fd-6d51-4fde-8b77-fe9dbb42cf43"", ""inverseOntologyProperty"": """"}]","Il blocco presenta colonizzazioni biologiche, incrostazioni, scagliature e fratture.",scaglia,H13_030-A,/files/uploadedfiles/cns-H13_030-A_foto macro.jpg,/files/uploadedfiles/cns-H13_030-A_foto OM.jpg,,2014-09-01,Marmora,internal identifier,"[{""resourceId"": ""3d4808d4-ca94-edbf-8018-e5a820842332"", ""ontologyProperty"": """", ""resourceXresourceId"": ""8c195ab4-a41d-438b-a2f1-4b8d889a75b4"", ""inverseOntologyProperty"": """"}]",,/files/uploadedfiles/cns-H13_030-A_XRD.jpg,,,"[{""resourceId"": ""30c99850-d340-2dbd-8c13-01821c9324a8"", ""ontologyProperty"": """", ""resourceXresourceId"": ""5303abe0-90e1-41cb-b8bb-967caf867a57"", ""inverseOntologyProperty"": """"}]"
01c644a2-d89b-43be-d331-af1a08bba45c,,,,,,,,,,,,,,,XRD,
01c644a2-d89b-43be-d331-af1a08bba45c,,,,,,,,,,,,,/files/uploadedfiles/cns-H13_152-B_FTIR.jpg,,FT-IR,
0b649d58-df0b-b200-0444-fe92f932c0e2,"[{""resourceId"": ""ce1d8b72-1f9f-e864-7c76-b2988cd5b7e4"", ""ontologyProperty"": """", ""resourceXresourceId"": ""af3c1b1f-f1d0-43a9-bdbf-fbf5c17b156b"", ""inverseOntologyProperty"": """"}]","Il blocco presenta numerose incrostazioni, mancanze e perdita di modellato.",scaglia,H13_152-B,/files/uploadedfiles/cns-H13_152-B_macro.jpg,/files/uploadedfiles/cns-H13_152-B_OM.jpg,,2013-08-29,Marmora,internal identifier,"[{""resourceId"": ""71fa6d90-1030-a1f0-6724-029236b3322a"", ""ontologyProperty"": """", ""resourceXresourceId"": ""0103388d-0b92-4cab-b450-49bfe7da616d"", ""inverseOntologyProperty"": """"}]",,/files/uploadedfiles/cns-H13_152-B_XRD.jpg,,,"[{""resourceId"": ""9fbfe37f-2791-266b-62c0-6d346c07a1be"", ""ontologyProperty"": """", ""resourceXresourceId"": ""bbdfbafc-46e8-434f-a5c8-e45ce7489472"", ""inverseOntologyProperty"": """"}]"
0b649d58-df0b-b200-0444-fe92f932c0e2,,,,,,,,,,,,,,,XRD,
0b649d58-df0b-b200-0444-fe92f932c0e2,,,,,,,,,,,,,/files/uploadedfiles/cns-H13_154-C_XRD.jpg,,XRD,
196a3230-3834-7291-d8da-caf253a3809c,"[{""resourceId"": ""ce1d8b72-1f9f-e864-7c76-b2988cd5b7e4"", ""ontologyProperty"": """", ""resourceXresourceId"": ""143766c8-81c1-4c3c-a0b6-1be367ca4f79"", ""inverseOntologyProperty"": """"}]",Il blocco è caratterizzato dalla presenza di colonizzazioni biologiche (patine nere) e da segni di lavorazione.,polvere,H13_154-C,/files/uploadedfiles/cns-H13_154-C_macro.jpg,,,2013-08-29,Marmora,internal identifier,"[{""resourceId"": ""1e90a321-3280-80db-ab6d-1732e3d9bdab"", ""ontologyProperty"": """", ""resourceXresourceId"": ""eb68b45b-78ba-4190-b7ca-a4928e361a91"", ""inverseOntologyProperty"": """"}]",,/files/uploadedfiles/cns-H13_154-C_FTIR.jpg,,,"[{""resourceId"": ""cc921d06-099b-0b93-42a0-6998fe713590"", ""ontologyProperty"": """", ""resourceXresourceId"": ""b3406f2d-0600-4814-a709-ba36de16bae9"", ""inverseOntologyProperty"": """"}]"
196a3230-3834-7291-d8da-caf253a3809c,,,,,,,,,,,,,,,FT-IR,
196a3230-3834-7291-d8da-caf253a3809c,,,,,,,,,,,,,/files/uploadedfiles/cns-H13_090-A_XRD.jpg,/files/uploadedfiles/cns-H13_090-A_grezzo.txt,XRD,
1b906932-2f53-cea5-1084-636bf7f7ba8c,"[{""resourceId"": ""ce1d8b72-1f9f-e864-7c76-b2988cd5b7e4"", ""ontologyProperty"": """", ""resourceXresourceId"": ""a584d09a-27fd-490a-bb44-e5f724f4a043"", ""inverseOntologyProperty"": """"}]",Il blocco è caratterizzato da piccole mancanze e da incrostazioni travertinose e terrose.,polvere,H13_090-A,/files/uploadedfiles/cns-H13_090-A_macro.jpg,,,2013-09-03,Marmora,internal identifier,"[{""resourceId"": ""7409dcef-382f-8e4c-49ab-c15388f93f31"", ""ontologyProperty"": """", ""resourceXresourceId"": ""26cf4dbd-aa66-4966-84d2-620b426984bb"", ""inverseOntologyProperty"": """"}]",Incrostazione grigia su testa leonina di destra,/files/uploadedfiles/cns-H13_088-C_XRD.jpg,/files/uploadedfiles/cns-H13_088-C_grezzo.txt,XRD,"[{""resourceId"": ""46de4cba-3d6c-a5e2-8e42-63b8b81f6fd5"", ""ontologyProperty"": """", ""resourceXresourceId"": ""71d28a17-0d5a-4188-a56c-fd7220f08808"", ""inverseOntologyProperty"": """"}]"
27c94c61-9260-fc09-e901-2a8ad30ba939,"[{""resourceId"": ""ce1d8b72-1f9f-e864-7c76-b2988cd5b7e4"", ""ontologyProperty"": """", ""resourceXresourceId"": ""7e8e6862-1443-49d3-87f7-e2afc87a82d9"", ""inverseOntologyProperty"": """"}]",Il blocco è caratterizzato da piccole mancanze e lieve perdita di modellato e da depositi nerastri.,polvere,H13_088-C,/files/uploadedfiles/cns-H13_088-C_macro.jpg,,,2013-09-03,Marmora,internal identifier,"[{""resourceId"": ""dfaffc04-ba05-a47a-a76b-602267c67302"", ""ontologyProperty"": """", ""resourceXresourceId"": ""1f42bdbb-2a61-4b85-9b16-c5fbd1cd301c"", ""inverseOntologyProperty"": """"}]",Polvere di marmo di colorazione giallastra da incavo a destra della corona del triglifo centrale.,/files/uploadedfiles/cns-H13_102-A_XRD.jpg,,XRD,"[{""resourceId"": ""8777374a-7256-3a38-539a-ae2fc3f8b775"", ""ontologyProperty"": """", ""resourceXresourceId"": ""93d785e1-71d3-479e-b95e-ab5a00636062"", ""inverseOntologyProperty"": """"}]"
27f3ffa6-ba2d-0d9e-8ded-51dc7ff32bf7,"[{""resourceId"": ""ce1d8b72-1f9f-e864-7c76-b2988cd5b7e4"", ""ontologyProperty"": """", ""resourceXresourceId"": ""b721e7bd-0e03-4a6d-ba42-1fd16016fd39"", ""inverseOntologyProperty"": """"}]",Il blocco è interessato da spinta dissoluzione (a causa dell'aggressività delle acque) e da depositi terrosi.,polvere,H13_102-A,/files/uploadedfiles/cns-H13_102-A_macro.jpg,,,2013-09-05,Marmora,internal identifier,"[{""resourceId"": ""25afe2ed-5016-0984-42d4-b09aa3f1ef46"", ""ontologyProperty"": """", ""resourceXresourceId"": ""79c235a9-dbb5-4433-8774-8fef89f70aaa"", ""inverseOntologyProperty"": """"}]",,/files/uploadedfiles/cns-H13_102-A_FTIR.jpg,,,"[{""resourceId"": ""0d3897f7-6c99-9d4f-ee48-89d9c12f0941"", ""ontologyProperty"": """", ""resourceXresourceId"": ""5da17c2a-cd91-423d-ae96-5d336f4b0fe8"", ""inverseOntologyProperty"": """"}]"
27f3ffa6-ba2d-0d9e-8ded-51dc7ff32bf7,,,,,,,,,,,,,,,FT-IR,
27f3ffa6-ba2d-0d9e-8ded-51dc7ff32bf7,,,,,,,,,,,,,/files/uploadedfiles/cns-H13_035-A_FTIR.jpg,,FT-IR,
2c1010dc-1fa6-2a70-a317-14f9a45e7586,"[{""resourceId"": ""ce1d8b72-1f9f-e864-7c76-b2988cd5b7e4"", ""ontologyProperty"": """", ""resourceXresourceId"": ""7b341e96-5abe-4a3e-87dc-ada876916478"", ""inverseOntologyProperty"": """"}]","Il blocco presenta un degrado differenziale: una porzione è interessata da colonizzazioni biologiche, un'altra porzione presenta un aspetto alabastrino (riprecipitazione a seguito di qualcosa a contatto col marmo o impurezze all'interno del marmo stesso?)",scaglia,H13_035-A,/files/uploadedfiles/cns-H13_035-A_foto macro.jpg,,,2014-09-01,Marmora,internal identifier,"[{""resourceId"": ""f6c19693-c11d-3bae-a990-63dbe43e69c0"", ""ontologyProperty"": """", ""resourceXresourceId"": ""a0ac6490-6050-4034-a291-4d498dbcad2e"", ""inverseOntologyProperty"": """"}]",,/files/uploadedfiles/cns-H13_035-A_XRD.jpg,,,"[{""resourceId"": ""7708ccfa-14ba-0a80-28fc-fef8520d6628"", ""ontologyProperty"": """", ""resourceXresourceId"": ""707beb62-319d-4801-8d0a-179c411b1864"", ""inverseOntologyProperty"": """"}]"
2c1010dc-1fa6-2a70-a317-14f9a45e7586,,,,,,,,,,,,,,,XRD,
2c1010dc-1fa6-2a70-a317-14f9a45e7586,,,,,,,,,,,,,/files/uploadedfiles/cns-H13_122-B_XRF.jpg,,XRF,
2f2036f3-b2ba-503f-86cb-85190e188b38,"[{""resourceId"": ""ce1d8b72-1f9f-e864-7c76-b2988cd5b7e4"", ""ontologyProperty"": """", ""resourceXresourceId"": ""54095377-450b-4a7b-90d1-9c8efdb6332e"", ""inverseOntologyProperty"": """"}]",Il blocco è interessato da una intensa colonizzazione biologica (licheni).,scaglia,H13_122-B,/files/uploadedfiles/cns-H13_122-B_macro.jpg,/files/uploadedfiles/cns-H13_122-B_bio.jpg,,2014-08-28,Marmora,internal identifier,"[{""resourceId"": ""353235b3-6125-b5eb-2cd2-3d1e895c996a"", ""ontologyProperty"": """", ""resourceXresourceId"": ""e330b473-633b-4f7c-9101-f59cb444492f"", ""inverseOntologyProperty"": """"}]","Due scaglie di marmo con licheni neri e grigi dall'estremità (opposta rispetto al campione ""A"") del pilastro.",/files/uploadedfiles/cns-H13_171-A_XRD.jpg,,XRD,"[{""resourceId"": ""15f0eba7-a251-3a88-6cea-2fd2b0df905f"", ""ontologyProperty"": """", ""resourceXresourceId"": ""a823cb37-38df-4a05-95ad-9fe675d2943a"", ""inverseOntologyProperty"": """"}]"
31f08a2e-24b8-c5bb-6da0-fae56b0efab5,"[{""resourceId"": ""ce1d8b72-1f9f-e864-7c76-b2988cd5b7e4"", ""ontologyProperty"": """", ""resourceXresourceId"": ""938d8057-8100-4cb7-8cf6-cc6d12cf5926"", ""inverseOntologyProperty"": """"}]","Il blocco presenta incrostazioni bianche e nere, scagliature, mancanze e poche colonizzazioni biologiche.",scaglia,H13_171-A,/files/uploadedfiles/cns-H13_171-A_macro.jpg,,,2014-09-02,Marmora,internal identifier,"[{""resourceId"": ""c52e390f-0e84-aa7a-02f1-13f34babe838"", ""ontologyProperty"": """", ""resourceXresourceId"": ""78262733-6dc8-4613-ba3b-2511187a1f58"", ""inverseOntologyProperty"": """"}]",,/files/uploadedfiles/cns-H13_119-A_FTIR.jpg,,FT-IR,"[{""resourceId"": ""0664df69-3dc8-64f7-ef9c-2e421cb10729"", ""ontologyProperty"": """", ""resourceXresourceId"": ""81e8a331-ec08-471e-b125-7b56ee5dbe31"", ""inverseOntologyProperty"": """"}]"
329f4989-1998-2753-fe4d-ff3694f4e6d3,"[{""resourceId"": ""ce1d8b72-1f9f-e864-7c76-b2988cd5b7e4"", ""ontologyProperty"": """", ""resourceXresourceId"": ""6de47a71-2b4b-47d0-bf17-a1f05feb41dc"", ""inverseOntologyProperty"": """"}]",Il blocco è caratterizzato dalla presenza di patine biologiche e fenomeni di disgregazione granulare.,scaglia,H13_119-A,/files/uploadedfiles/cns-H13_119-A_macro.jpg,/files/uploadedfiles/cns-H13_119-A_ foto OM.jpg,,2014-08-28,Marmora,internal identifier,"[{""resourceId"": ""f2b5efd5-6b77-c125-9a55-3750e8e9e5a3"", ""ontologyProperty"": """", ""resourceXresourceId"": ""505d81d9-c788-41c8-95db-144dd95c9069"", ""inverseOntologyProperty"": """"}]","Parte alta della colonna trattata, caratterizzata da disgregazione granulare ed esfoliazione.",/files/uploadedfiles/cns-H13_119-A_XRD.jpg,,,"[{""resourceId"": ""5e97a5f2-78e5-a47f-d3c0-7b27dd56b0b1"", ""ontologyProperty"": """", ""resourceXresourceId"": ""7bdbefe7-a838-47ab-8e10-23e5f8e60079"", ""inverseOntologyProperty"": """"}]"
329f4989-1998-2753-fe4d-ff3694f4e6d3,,,,,,,,,,,,,,,XRD,
329f4989-1998-2753-fe4d-ff3694f4e6d3,,,,,,,,,,,,,/files/uploadedfiles/cns-H13_152-C_FTIR.jpg,,FT-IR,
3496c639-02ed-526a-e707-8cd5cc967b11,"[{""resourceId"": ""ce1d8b72-1f9f-e864-7c76-b2988cd5b7e4"", ""ontologyProperty"": """", ""resourceXresourceId"": ""a0b014fa-65a7-49a6-b620-360a8f617e81"", ""inverseOntologyProperty"": """"}]","Il blocco presenta numerose incrostazioni, mancanze e perdita di modellato.",scaglia,H13_152-C,/files/uploadedfiles/cns-H13_152-C_macro.jpg,/files/uploadedfiles/cns-H13_152-C_OM.jpg,,2013-08-29,Marmora,internal identifier,"[{""resourceId"": ""71fa6d90-1030-a1f0-6724-029236b3322a"", ""ontologyProperty"": """", ""resourceXresourceId"": ""e1cb42a0-14ad-438a-baa2-8dfdbc048e4e"", ""inverseOntologyProperty"": """"}]",,/files/uploadedfiles/cns-H13_123-A_XRF.jpg,,XRF,"[{""resourceId"": ""7ec60105-e36a-e75f-1027-2862f5bd4867"", ""ontologyProperty"": """", ""resourceXresourceId"": ""726d1e25-bc6b-4f82-bb7c-b3d17e555285"", ""inverseOntologyProperty"": """"}]"
3c0201eb-8489-0f6a-7fc4-1f46bd016a42,"[{""resourceId"": ""ce1d8b72-1f9f-e864-7c76-b2988cd5b7e4"", ""ontologyProperty"": """", ""resourceXresourceId"": ""6348eb58-04ab-493c-b8fc-cc1fd9afa7fe"", ""inverseOntologyProperty"": """"}]",Il blocco è interessato da ampia e diffusa colonizzazione biologica (licheni).,scaglia,H13_123-A,/files/uploadedfiles/cns-H13_123-A_macro.jpg,/files/uploadedfiles/cns-H13_123-A_foto OM.jpg,,2014-08-28,Marmora,internal identifier,"[{""resourceId"": ""c9a4cb5f-ec46-ea03-82ae-fa4916380a48"", ""ontologyProperty"": """", ""resourceXresourceId"": ""65b7c5f5-d11b-43b6-8db1-0c448c880a93"", ""inverseOntologyProperty"": """"}]",Il prelievo è stato effettuato nella porzione centrale del blocco in corrispondenza di licheni grigio-nerastri.,/files/uploadedfiles/cns-H13_154-A_XRD.jpg,,XRD,"[{""resourceId"": ""a78fba32-617c-31da-2584-040d070cc8e8"", ""ontologyProperty"": """", ""resourceXresourceId"": ""eb6ae64f-af5f-4276-ab8e-ff462bdf55f6"", ""inverseOntologyProperty"": """"}]"
3ce3452c-03a1-bee9-1c68-4fb745d5bc2d,"[{""resourceId"": ""ce1d8b72-1f9f-e864-7c76-b2988cd5b7e4"", ""ontologyProperty"": """", ""resourceXresourceId"": ""593e72ac-1ba7-4682-a9bf-329fdba9bb9b"", ""inverseOntologyProperty"": """"}]",Il blocco è caratterizzato dalla presenza di colonizzazioni biologiche (patine nere) e da segni di lavorazione.,polvere,H13_154-A,/files/uploadedfiles/cns-H13_154-A_macro.jpg,,,2013-08-29,Marmora,internal identifier,"[{""resourceId"": ""1e90a321-3280-80db-ab6d-1732e3d9bdab"", ""ontologyProperty"": """", ""resourceXresourceId"": ""e757915a-7cf3-4dc0-852d-18c72c154739"", ""inverseOntologyProperty"": """"}]",,/files/uploadedfiles/cns-H13_154-A_FTIR.jpg,,,"[{""resourceId"": ""9d5201b3-3169-0315-871c-234930682da8"", ""ontologyProperty"": """", ""resourceXresourceId"": ""11602e5c-74ca-4078-bf96-5c6c03ed5ec7"", ""inverseOntologyProperty"": """"}]"
3ce3452c-03a1-bee9-1c68-4fb745d5bc2d,,,,,,,,,,,,,,,FT-IR,
3ce3452c-03a1-bee9-1c68-4fb745d5bc2d,,,,,,,,,,,,,/files/uploadedfiles/cns-H13_133-A_FTIR.jpg,,FT-IR,
3f3b72b5-4ba4-e69f-96ed-3af5690dabb8,"[{""resourceId"": ""ce1d8b72-1f9f-e864-7c76-b2988cd5b7e4"", ""ontologyProperty"": """", ""resourceXresourceId"": ""861618d8-5ae3-4abd-b6ce-0add2efb1f8a"", ""inverseOntologyProperty"": """"}]","Il blocco è interessato da fratture, incrostazioni e depositi e da colonizzazioni biologiche (licheni).",polvere,H13_133-A,/files/uploadedfiles/cns-H13_133-A_macro.jpg,,,2013-08-29,Marmora,internal identifier,"[{""resourceId"": ""05fe168f-5de2-4ec7-01a6-df772833e470"", ""ontologyProperty"": """", ""resourceXresourceId"": ""ac9062e8-6de5-40b7-9d11-a10438356870"", ""inverseOntologyProperty"": """"}]",Il campione è stato prelevato a metà della semicolonna in corrispondenza di uno spigolo vivo.,/files/uploadedfiles/cns-H13_133-A_XRD.jpg,,,"[{""resourceId"": ""8dfef59f-ccbc-edd0-e49a-0541b3e0ab05"", ""ontologyProperty"": """", ""resourceXresourceId"": ""95298267-6c3f-4b1e-a41f-92bb05ab93be"", ""inverseOntologyProperty"": """"}]"
3f3b72b5-4ba4-e69f-96ed-3af5690dabb8,,,,,,,,,,,,,,,XRD,
3f3b72b5-4ba4-e69f-96ed-3af5690dabb8,,,,,,,,,,,,,/files/uploadedfiles/cns-H13_159-F_XRD.jpg,,XRD,
4c3ccf84-9129-e3a9-a44e-40c6a5e6e34c,"[{""resourceId"": ""ce1d8b72-1f9f-e864-7c76-b2988cd5b7e4"", ""ontologyProperty"": """", ""resourceXresourceId"": ""6ca9b416-f319-4e62-9126-3490daaea6e0"", ""inverseOntologyProperty"": """"}]","Il blocco presenta incrostazioni e depositi vari (neri, rosati e giallognoli).",scaglia,H13_159-F,/files/uploadedfiles/cns-H13_159-F_macro.jpg,/files/uploadedfiles/cns-H13_159-F_OM.jpg,,2013-08-29,Marmora,internal identifier,"[{""resourceId"": ""b106e128-924e-5d16-57a4-8d473f9c9958"", ""ontologyProperty"": """", ""resourceXresourceId"": ""c30fb75d-6e62-4da2-a37a-9a27639be528"", ""inverseOntologyProperty"": """"}]",,/files/uploadedfiles/cns-H13_159-F_FTIR.jpg,,,"[{""resourceId"": ""da444ab7-5bab-55a5-f0f9-bcdf31a12e2b"", ""ontologyProperty"": """", ""resourceXresourceId"": ""19ffdb44-ac92-4f6f-9a9e-738e00f9a9fd"", ""inverseOntologyProperty"": """"}]"
4c3ccf84-9129-e3a9-a44e-40c6a5e6e34c,,,,,,,,,,,,,,,FT-IR,
4c3ccf84-9129-e3a9-a44e-40c6a5e6e34c,,,,,,,,,,,,,/files/uploadedfiles/cns-H13_030-B_FTIR.jpg,,FT-IR,
5142a6bb-2aa9-dfde-bb3a-6eb233f81040,"[{""resourceId"": ""ce1d8b72-1f9f-e864-7c76-b2988cd5b7e4"", ""ontologyProperty"": """", ""resourceXresourceId"": ""f51c4fee-de57-4aa3-9ead-c6f44fd15a05"", ""inverseOntologyProperty"": """"}]","Il blocco presenta colonizzazioni biologiche, incrostazioni, scagliature e fratture.",scaglia,H13_030-B,/files/uploadedfiles/cns-H13_030-B_foto macro.jpg,/files/uploadedfiles/cns-H13_030-B_foto OM.jpg,,2014-09-01,Marmora,internal identifier,"[{""resourceId"": ""3d4808d4-ca94-edbf-8018-e5a820842332"", ""ontologyProperty"": """", ""resourceXresourceId"": ""26d5d3ff-ace7-4dc1-ba06-9a1946a66294"", ""inverseOntologyProperty"": """"}]",,/files/uploadedfiles/cns-H13_030-B_XRD.jpg,,,"[{""resourceId"": ""7b131a70-db79-2835-4e78-0b843867e8f3"", ""ontologyProperty"": """", ""resourceXresourceId"": ""672ac3a2-1062-4cb2-a7c5-53d47ab6af71"", ""inverseOntologyProperty"": """"}]"
5142a6bb-2aa9-dfde-bb3a-6eb233f81040,,,,,,,,,,,,,,,XRD,
5142a6bb-2aa9-dfde-bb3a-6eb233f81040,,,,,,,,,,,,,/files/uploadedfiles/cns-H13_020-A_XRD.jpg,,XRD,
56072c32-6ad4-ba2d-2056-31819300faac,"[{""resourceId"": ""ce1d8b72-1f9f-e864-7c76-b2988cd5b7e4"", ""ontologyProperty"": """", ""resourceXresourceId"": ""4dfca3cf-e32c-4a7c-9439-4d81bfb619b1"", ""inverseOntologyProperty"": """"}]",Il blocco presenta patine rossastre e poche incrostazioni nerastre.,scaglia,H13_020-A,/files/uploadedfiles/cns-H13_020-A_macro.jpg,,,2014-09-01,Marmora,internal identifier,"[{""resourceId"": ""7de7581b-1176-1b90-f3be-c8345b594d7a"", ""ontologyProperty"": """", ""resourceXresourceId"": ""04041a7f-a674-461e-9aa9-bd07a6a3b969"", ""inverseOntologyProperty"": """"}]",,/files/uploadedfiles/cns-H13_020-A_FTIR.jpg,,,"[{""resourceId"": ""30864db6-17ea-ecec-a9f7-ac394d67e6a1"", ""ontologyProperty"": """", ""resourceXresourceId"": ""3d245f9c-4b8c-4642-83b8-2ace1a5a4a1a"", ""inverseOntologyProperty"": """"}]"
56072c32-6ad4-ba2d-2056-31819300faac,,,,,,,,,,,,,,,FT-IR,
56072c32-6ad4-ba2d-2056-31819300faac,,,,,,,,,,,,,/files/uploadedfiles/cns-H13_159-B_XRD.jpg,,XRD,
679bfa48-cd0a-e4be-c426-c98537c7cc10,"[{""resourceId"": ""ce1d8b72-1f9f-e864-7c76-b2988cd5b7e4"", ""ontologyProperty"": """", ""resourceXresourceId"": ""5d061d1a-26ba-484c-a857-74446e06c6dd"", ""inverseOntologyProperty"": """"}]","Il blocco presenta incrostazioni e depositi vari (neri, rosati e giallognoli).",polvere,H13_159-B,/files/uploadedfiles/cns-H13_159-B_macro.jpg,,,2013-08-29,Marmora,internal identifier,"[{""resourceId"": ""b106e128-924e-5d16-57a4-8d473f9c9958"", ""ontologyProperty"": """", ""resourceXresourceId"": ""9bb2ff9d-c54d-443a-a4e7-7eff9aba5aca"", ""inverseOntologyProperty"": """"}]",,/files/uploadedfiles/cns-H13_159-B_FTIR.jpg,,,"[{""resourceId"": ""e2d26122-4978-574d-4f6b-56d216893219"", ""ontologyProperty"": """", ""resourceXresourceId"": ""d00659d2-6bc9-4f8e-8f5a-49e754f2a00e"", ""inverseOntologyProperty"": """"}]"
679bfa48-cd0a-e4be-c426-c98537c7cc10,,,,,,,,,,,,,,,FT-IR,
679bfa48-cd0a-e4be-c426-c98537c7cc10,,,,,,,,,,,,,,,,
6ab3ace5-80c6-72a8-a258-113be824ecc4,"[{""resourceId"": ""ce1d8b72-1f9f-e864-7c76-b2988cd5b7e4"", ""ontologyProperty"": """", ""resourceXresourceId"": ""b03d813f-7c63-45e6-b0c7-3a315c1a500f"", ""inverseOntologyProperty"": """"}]",Il blocco è interessato da spinta dissoluzione (a causa dell'aggressività delle acque) e da depositi terrosi.,scaglia,H13_102-B,,,,2013-09-05,Marmora,internal identifier,"[{""resourceId"": ""25afe2ed-5016-0984-42d4-b09aa3f1ef46"", ""ontologyProperty"": """", ""resourceXresourceId"": ""9cf42127-e64e-4faf-b74a-eed0fdaefe16"", ""inverseOntologyProperty"": """"}]",,/files/uploadedfiles/cns-H13_152-A_FTIR.jpg,,FT-IR,"[{""resourceId"": ""2076165b-25cd-cfbf-edf7-b6dc05c18086"", ""ontologyProperty"": """", ""resourceXresourceId"": ""382c229b-aaee-43f8-92b6-739c3f3b9f75"", ""inverseOntologyProperty"": """"}]"
6b60ed79-ac46-24ac-ffec-943b93af4123,"[{""resourceId"": ""ce1d8b72-1f9f-e864-7c76-b2988cd5b7e4"", ""ontologyProperty"": """", ""resourceXresourceId"": ""9453dfcb-47a2-470c-9afb-7cbeb1c9078a"", ""inverseOntologyProperty"": """"}]","Il blocco presenta numerose incrostazioni, mancanze e perdita di modellato.",frammento,H13_152-A,/files/uploadedfiles/cns-H13_152-A_macro.jpg,/files/uploadedfiles/cns-H13_152-A_OM.jpg,,2013-08-29,Marmora,internal identifier,"[{""resourceId"": ""71fa6d90-1030-a1f0-6724-029236b3322a"", ""ontologyProperty"": """", ""resourceXresourceId"": ""d3dad95c-cabe-417f-96d4-20ab04667c8c"", ""inverseOntologyProperty"": """"}]",,/files/uploadedfiles/cns-H13_152-A_XRD.jpg,,,"[{""resourceId"": ""9498a7aa-85cc-406e-b0ae-be4ff25f8051"", ""ontologyProperty"": """", ""resourceXresourceId"": ""99e4a228-9abe-4d66-a981-1900dab816b9"", ""inverseOntologyProperty"": """"}]"
6b60ed79-ac46-24ac-ffec-943b93af4123,,,,,,,,,,,,,,,XRD,
6b60ed79-ac46-24ac-ffec-943b93af4123,,,,,,,,,,,,,/files/uploadedfiles/cns-H13_119-C_XRF.jpg,,XRF,
6e4ac747-2b23-26af-811e-b3165988fce8,"[{""resourceId"": ""ce1d8b72-1f9f-e864-7c76-b2988cd5b7e4"", ""ontologyProperty"": """", ""resourceXresourceId"": ""4e7713d8-39ce-4d54-ab0c-a43933663ddd"", ""inverseOntologyProperty"": """"}]",Il blocco è caratterizzato dalla presenza di patine biologiche e fenomeni di disgregazione granulare.,polvere,H13_119-C,/files/uploadedfiles/cns-H13_119-C_macro.jpg,,,2014-08-28,Marmora,internal identifier,"[{""resourceId"": ""f2b5efd5-6b77-c125-9a55-3750e8e9e5a3"", ""ontologyProperty"": """", ""resourceXresourceId"": ""1f2de62e-c3e6-420d-b83c-66a6965b7d8d"", ""inverseOntologyProperty"": """"}]","Porzione inferiore della colonna, rimasta sotto la coltre di travertino fino al 2007, in corrispondenza del deposito nerastro con incrostazioni travertinose.",/files/uploadedfiles/cns-H13_119-C_FTIR.jpg,,,"[{""resourceId"": ""c7002b96-c558-b1f7-c80a-988e29779e48"", ""ontologyProperty"": """", ""resourceXresourceId"": ""031e0961-15c5-4776-a79b-78afe64b7dac"", ""inverseOntologyProperty"": """"}]"
6e4ac747-2b23-26af-811e-b3165988fce8,,,,,,,,,,,,,,,FT-IR,
6e4ac747-2b23-26af-811e-b3165988fce8,,,,,,,,,,,,,/files/uploadedfiles/cns-H13_119-C_XRD.jpg,,,
6e4ac747-2b23-26af-811e-b3165988fce8,,,,,,,,,,,,,,,XRD,
6e4ac747-2b23-26af-811e-b3165988fce8,,,,,,,,,,,,,/files/uploadedfiles/cns-H13_021-A_XRD.jpg,,XRD,
6fd8aaca-f5b3-625a-85b1-f24453cf8b66,"[{""resourceId"": ""ce1d8b72-1f9f-e864-7c76-b2988cd5b7e4"", ""ontologyProperty"": """", ""resourceXresourceId"": ""6a95701e-5596-49ef-82b9-f586f1af6a8b"", ""inverseOntologyProperty"": """"}]","Il blocco presenta disgregazione granulare, fratture, perdita di materiale e colonizzazioni biologiche.",scaglia,H13_021-A,/files/uploadedfiles/cns-H13_021-A_macro.jpg,/files/uploadedfiles/cns-H13_021-A_OM.jpg,,2014-09-01,Marmora,internal identifier,"[{""resourceId"": ""4f789347-9638-84a1-c70d-d7bfc810f7b2"", ""ontologyProperty"": """", ""resourceXresourceId"": ""65877992-0010-4fe2-92f5-5cd9296f72ef"", ""inverseOntologyProperty"": """"}]",,,,,"[{""resourceId"": ""836f832d-bd52-745c-8d41-098914c23c1a"", ""ontologyProperty"": """", ""resourceXresourceId"": ""5852bdeb-54ef-41ad-9334-6bab20a51b80"", ""inverseOntologyProperty"": """"}]"
72e5abb6-9e90-b2b9-dda5-276997f2383f,"[{""resourceId"": ""ce1d8b72-1f9f-e864-7c76-b2988cd5b7e4"", ""ontologyProperty"": """", ""resourceXresourceId"": ""7ea0db51-8611-4ed7-9334-50fa172a30dc"", ""inverseOntologyProperty"": """"}]","Il blocco presenta mancanze, perdita di materiale, fratturazione e disgregazione granulare.",scaglia,H13_018-A,/files/uploadedfiles/cns-H13_018-A_macro.jpg,/files/uploadedfiles/cns-H13_018-A_OM.jpg,,2014-09-01,Marmora,internal identifier,"[{""resourceId"": ""dfd266e3-de18-6fae-38a3-b4148b60cebc"", ""ontologyProperty"": """", ""resourceXresourceId"": ""e2b4f20f-5fb7-4eb7-90fe-7278764277e9"", ""inverseOntologyProperty"": """"}]",,/files/uploadedfiles/cns-H13_026-A_FTIR.jpg,,FT-IR,"[{""resourceId"": ""07c864a8-03ee-cce2-db48-16b99f91a6de"", ""ontologyProperty"": """", ""resourceXresourceId"": ""be109eea-5288-47da-abf4-97175ef5435d"", ""inverseOntologyProperty"": """"}]"
80c3160c-2779-c0da-4205-15a7a5f59c86,"[{""resourceId"": ""ce1d8b72-1f9f-e864-7c76-b2988cd5b7e4"", ""ontologyProperty"": """", ""resourceXresourceId"": ""33db5fd3-08c9-4e3c-b89b-01468bcd0673"", ""inverseOntologyProperty"": """"}]","Il blocco è interessato da sottili fratture che lo attraversano, da perdita di modellato, mancanze e depositi terrosi.",scaglia,H13_026-A,/files/uploadedfiles/cns-H13_026-A_macro.jpg,/files/uploadedfiles/cns-H13_026-A_OM.jpg,,2014-09-01,Marmora,internal identifier,"[{""resourceId"": ""504afd59-0437-e7eb-5307-d931192e4568"", ""ontologyProperty"": """", ""resourceXresourceId"": ""e6fa8137-63e9-4f24-b381-b2d27273d552"", ""inverseOntologyProperty"": """"}]",,/files/uploadedfiles/cns-H13_026-A_XRD.jpg,,,"[{""resourceId"": ""3bb1ee00-a1bb-97e6-808b-7c1aaaa43229"", ""ontologyProperty"": """", ""resourceXresourceId"": ""ba40a779-9136-4bcd-8775-ccb7f900ab34"", ""inverseOntologyProperty"": """"}]"
80c3160c-2779-c0da-4205-15a7a5f59c86,,,,,,,,,,,,,,,XRD,
80c3160c-2779-c0da-4205-15a7a5f59c86,,,,,,,,,,,,,/files/uploadedfiles/cns-H13_150-C_FTIR.jpg,,FT-IR,
82697b56-5ee3-8b86-d096-85264a1f9bc2,"[{""resourceId"": ""ce1d8b72-1f9f-e864-7c76-b2988cd5b7e4"", ""ontologyProperty"": """", ""resourceXresourceId"": ""96449846-97a9-4bd5-9f33-69c6afda0a6b"", ""inverseOntologyProperty"": """"}]",Il blocco presenta mancanze e colonizzazioni biologiche (patine nere e licheni bianchi e grigi),polvere,H13_150-C,,,,2013-08-29,Marmora,internal identifier,"[{""resourceId"": ""c2097e19-1957-e28c-5e7a-6524cab15b63"", ""ontologyProperty"": """", ""resourceXresourceId"": ""5772165a-0464-49cd-a9b2-2bcda9a422ea"", ""inverseOntologyProperty"": """"}]",La polvere è stata campionata in corrispondenza delle foglie acantine.,/files/uploadedfiles/cns-H13_150-C_XRD.jpg,,,"[{""resourceId"": ""4e07edc0-8ae9-0273-3cfd-6d457188867c"", ""ontologyProperty"": """", ""resourceXresourceId"": ""4d8960e1-81dc-4d05-a055-47f8142042af"", ""inverseOntologyProperty"": """"}]"
82697b56-5ee3-8b86-d096-85264a1f9bc2,,,,,,,,,,,,,,,XRD,
82697b56-5ee3-8b86-d096-85264a1f9bc2,,,,,,,,,,,,,/files/uploadedfiles/cns-H13_206-A_XRD.jpg,,XRD,
831594c6-fd2e-bfa6-1fd8-370e7319aa1d,"[{""resourceId"": ""ce1d8b72-1f9f-e864-7c76-b2988cd5b7e4"", ""ontologyProperty"": """", ""resourceXresourceId"": ""b0cd6670-3308-4c6b-99c7-02cd45d2ab48"", ""inverseOntologyProperty"": """"}]","Il blocco presenta grosse fratture, perdita di materiale e disgregazione granulare.",scaglia,H13_206-A,/files/uploadedfiles/cns-H13_206-A_macro.jpg,,,2014-09-02,Marmora,internal identifier,"[{""resourceId"": ""f65740ed-4dd9-bf34-eb36-4b7dcfe87401"", ""ontologyProperty"": """", ""resourceXresourceId"": ""e73a7419-c043-491a-86b4-d869734a4d56"", ""inverseOntologyProperty"": """"}]",,/files/uploadedfiles/cns-H13_126-A_FTIR.jpg,,FT-IR,"[{""resourceId"": ""fffbdfd3-fe9e-4537-d64e-534d87665a20"", ""ontologyProperty"": """", ""resourceXresourceId"": ""5b56f40d-58de-46ad-a641-f5729a46de25"", ""inverseOntologyProperty"": """"}]"
8d7394b9-73e2-dd3a-9b4f-73d8142e9999,"[{""resourceId"": ""ce1d8b72-1f9f-e864-7c76-b2988cd5b7e4"", ""ontologyProperty"": """", ""resourceXresourceId"": ""3b24fa70-8333-4d99-ab4c-41864e94bc36"", ""inverseOntologyProperty"": """"}]",Il blocco è interessato da incrostazioni e perdita di materiale.,scaglia,H13_126-A,/files/uploadedfiles/cns-H13_126-A_macro.jpg,/files/uploadedfiles/cns-H13_126-A_ foto OM.jpg,,2014-08-28,Marmora,internal identifier,"[{""resourceId"": ""c6f484ba-cb3f-947c-542b-402d95a4486b"", ""ontologyProperty"": """", ""resourceXresourceId"": ""e8f8976a-b0a5-4ee1-bfd2-5eef7aea9ca5"", ""inverseOntologyProperty"": """"}]",Due scaglie (una di marmo e una con deposito superficiale) sono state campionate in corrispondenza della specchiatura del secondo triglifo,/files/uploadedfiles/cns-H13_126-A_XRF.jpg,,,"[{""resourceId"": ""786b73a9-ddd4-7743-8e9f-d854f8ec3033"", ""ontologyProperty"": """", ""resourceXresourceId"": ""c3a076ea-4f64-4ae9-b96c-85d38d5b4586"", ""inverseOntologyProperty"": """"}]"
8d7394b9-73e2-dd3a-9b4f-73d8142e9999,,,,,,,,,,,,,,,XRF,
8d7394b9-73e2-dd3a-9b4f-73d8142e9999,,,,,,,,,,,,,/files/uploadedfiles/cns-H13_126-A_XRD.jpg,,,
8d7394b9-73e2-dd3a-9b4f-73d8142e9999,,,,,,,,,,,,,,,XRD,
8d7394b9-73e2-dd3a-9b4f-73d8142e9999,,,,,,,,,,,,,/files/uploadedfiles/cns-H13_159-A_XRD.jpg,,XRD,
94ff8aaa-d327-a492-35d7-8615b67f9654,"[{""resourceId"": ""ce1d8b72-1f9f-e864-7c76-b2988cd5b7e4"", ""ontologyProperty"": """", ""resourceXresourceId"": ""135cf2d3-e2bc-4839-a1d7-ce6ebccd322b"", ""inverseOntologyProperty"": """"}]","Il blocco presenta incrostazioni e depositi vari (neri, rosati e giallognoli).",polvere,H13_159-A,/files/uploadedfiles/cns-H13_159-A_macro.jpg,,,2013-08-29,Marmora,internal identifier,"[{""resourceId"": ""b106e128-924e-5d16-57a4-8d473f9c9958"", ""ontologyProperty"": """", ""resourceXresourceId"": ""4a1e3057-c96c-4bb3-b65d-1466867dd298"", ""inverseOntologyProperty"": """"}]",,/files/uploadedfiles/cns-H13_159-A_FTIR.jpg,,,"[{""resourceId"": ""20e84f4e-e4ee-dcc0-a434-e8eb999444a8"", ""ontologyProperty"": """", ""resourceXresourceId"": ""2bd415d0-407d-4e4a-8a17-ad585c867166"", ""inverseOntologyProperty"": """"}]"
94ff8aaa-d327-a492-35d7-8615b67f9654,,,,,,,,,,,,,,,FT-IR,
94ff8aaa-d327-a492-35d7-8615b67f9654,,,,,,,,,,,,,/files/uploadedfiles/cns-H13_122-A_XRF.jpg,,XRF,
967f2b73-399d-3db6-3310-89b362ffcc83,"[{""resourceId"": ""ce1d8b72-1f9f-e864-7c76-b2988cd5b7e4"", ""ontologyProperty"": """", ""resourceXresourceId"": ""94131f9f-2405-4713-a42a-c72abe3d5fd6"", ""inverseOntologyProperty"": """"}]",Il blocco è interessato da una intensa colonizzazione biologica (licheni).,scaglia,H13_122-A,/files/uploadedfiles/cns-H13_122-A_macro.jpg,/files/uploadedfiles/cns-H13_122-A_foto OM.jpg,,2014-08-28,Marmora,internal identifier,"[{""resourceId"": ""353235b3-6125-b5eb-2cd2-3d1e895c996a"", ""ontologyProperty"": """", ""resourceXresourceId"": ""d322d404-2114-4bc4-beeb-ca6f59b1237f"", ""inverseOntologyProperty"": """"}]",Due scaglie di marmo con licheni neri e grigi dall'estremità del pilastro.,/files/uploadedfiles/cns-H13_025-A_XRD.jpg,,XRD,"[{""resourceId"": ""57ead395-8d97-c419-5cff-701a88cff9a3"", ""ontologyProperty"": """", ""resourceXresourceId"": ""778a16db-1d74-4b3b-9975-26616ecda90a"", ""inverseOntologyProperty"": """"}]"
9a4cb3ca-4264-d209-7c32-c19c188d14bf,"[{""resourceId"": ""ce1d8b72-1f9f-e864-7c76-b2988cd5b7e4"", ""ontologyProperty"": """", ""resourceXresourceId"": ""80de8d84-75f8-469d-93f4-237b43dc1bb7"", ""inverseOntologyProperty"": """"}]","Il blocco presenta perdita di modellato, poche colonizzazioni biologiche (prevalentemente concentrate sulla parte della colonna). Nella porzione del blocco non finita e non lavorata è possibile notare come si tratti di un marmo a grana grossa interessato da disgregazione granulare.",polvere,H13_025-A,/files/uploadedfiles/cns-H13_025-A_macro.jpg,,,2014-09-01,Marmora,internal identifier,"[{""resourceId"": ""dadb8912-e134-bfa6-084b-12016eca7703"", ""ontologyProperty"": """", ""resourceXresourceId"": ""cf042c34-6bb9-4e44-b405-5101117287e4"", ""inverseOntologyProperty"": """"}]",,/files/uploadedfiles/cns-H13_037-A_XRD.jpg,,XRD,"[{""resourceId"": ""628a5304-8e72-b15e-4891-d34c0d35b613"", ""ontologyProperty"": """", ""resourceXresourceId"": ""8c39b40c-6c99-4868-9808-453d7da03970"", ""inverseOntologyProperty"": """"}]"
9a61d4a1-82cd-f0a6-ac7d-4f359a1661c4,"[{""resourceId"": ""ce1d8b72-1f9f-e864-7c76-b2988cd5b7e4"", ""ontologyProperty"": """", ""resourceXresourceId"": ""112234cc-acfb-4825-9010-3af9e37736a1"", ""inverseOntologyProperty"": """"}]","Il blocco presenta disgregazione granulare, perdita di modellato e di materiale, poche incrostazioni nerastre.",scaglia,H13_037-A,/files/uploadedfiles/cns-H13_037-A_foto macro.jpg,/files/uploadedfiles/cns-H13_037-A_foto OM.jpg,,2014-09-01,Marmora,internal identifier,"[{""resourceId"": ""88d29629-5567-aabe-3440-15f04f92af1c"", ""ontologyProperty"": """", ""resourceXresourceId"": ""099e81cb-773b-4d6d-839a-f28e8db231db"", ""inverseOntologyProperty"": """"}]",,/files/uploadedfiles/cns-H13_037-A_FTIR.jpg,,,"[{""resourceId"": ""be9b1c78-7e61-c359-22c9-aef4d7b2611a"", ""ontologyProperty"": """", ""resourceXresourceId"": ""d46f2b3d-7f1d-4b39-a791-b68dd3f9c260"", ""inverseOntologyProperty"": """"}]"
9a61d4a1-82cd-f0a6-ac7d-4f359a1661c4,,,,,,,,,,,,,,,FT-IR,
9a61d4a1-82cd-f0a6-ac7d-4f359a1661c4,,,,,,,,,,,,,/files/uploadedfiles/cns-H13_159-C_FTIR.jpg,,FT-IR,
9a77f0fc-f390-c483-0560-807cb0264530,"[{""resourceId"": ""ce1d8b72-1f9f-e864-7c76-b2988cd5b7e4"", ""ontologyProperty"": """", ""resourceXresourceId"": ""55ca74d5-891b-4563-8647-cd4d7a84f3a7"", ""inverseOntologyProperty"": """"}]","Il blocco presenta incrostazioni e depositi vari (neri, rosati e giallognoli).",polvere,H13_159-C,/files/uploadedfiles/cns-H13_159-C_macro.jpg,,,2013-08-29,Marmora,internal identifier,"[{""resourceId"": ""b106e128-924e-5d16-57a4-8d473f9c9958"", ""ontologyProperty"": """", ""resourceXresourceId"": ""a1fcd023-76dc-4a38-a778-3c9aa95973f9"", ""inverseOntologyProperty"": """"}]",,/files/uploadedfiles/cns-H13_159-C_XRD.jpg,,,"[{""resourceId"": ""561d929b-4093-0743-2552-a9b2b38fa80b"", ""ontologyProperty"": """", ""resourceXresourceId"": ""d023e51f-1ec0-46e0-80cd-1212239c7fef"", ""inverseOntologyProperty"": """"}]"
9a77f0fc-f390-c483-0560-807cb0264530,,,,,,,,,,,,,,,XRD,
9a77f0fc-f390-c483-0560-807cb0264530,,,,,,,,,,,,,/files/uploadedfiles/cns-H13_086-A_XRD.jpg,/files/uploadedfiles/cns-H13_086-A_grezzo.txt,XRD,
9d3a3050-c287-f53f-cce0-7d3956cc12e3,"[{""resourceId"": ""ce1d8b72-1f9f-e864-7c76-b2988cd5b7e4"", ""ontologyProperty"": """", ""resourceXresourceId"": ""f66e65f4-a238-4e89-a3a8-1d9aa3aac725"", ""inverseOntologyProperty"": """"}]",Il blocco è caratterizzato da piccole mancanze e da depositi nerastri e croste.,polvere,H13_086-A,/files/uploadedfiles/cns-H13_086-A_macro.jpg,,,2013-09-03,Marmora,internal identifier,"[{""resourceId"": ""6c42c3b6-39e2-2220-26ca-b406f50d8860"", ""ontologyProperty"": """", ""resourceXresourceId"": ""87f623c9-c367-47fc-93fb-8a24bbe66f76"", ""inverseOntologyProperty"": """"}]","Deposito in corrispondenza della lettera ""N"" dell'iscrizione presente sulla faccia anteriore.",/files/uploadedfiles/cns-H13_125-A_FTIR.jpg,,FT-IR,"[{""resourceId"": ""d050f798-d551-9df1-0dce-d17f3f189af6"", ""ontologyProperty"": """", ""resourceXresourceId"": ""ef4abeea-5b16-4203-bca2-ee00fde1e319"", ""inverseOntologyProperty"": """"}]"
a2eed14b-8bcc-e4f5-95eb-ce65bb69f4a8,"[{""resourceId"": ""ce1d8b72-1f9f-e864-7c76-b2988cd5b7e4"", ""ontologyProperty"": """", ""resourceXresourceId"": ""88d545a6-facf-4db6-93c0-841970d543e9"", ""inverseOntologyProperty"": """"}]",Il blocco è interessato da incrostazioni e depositi terrosi.,scaglia,H13_125-A,/files/uploadedfiles/cns-H13_125-A_macro.jpg,/files/uploadedfiles/cns-H13_125-A_foto OM.jpg,,2014-08-28,Marmora,internal identifier,"[{""resourceId"": ""e3e1d58f-bcab-b6cd-87d1-4e9dfc865028"", ""ontologyProperty"": """", ""resourceXresourceId"": ""40ee4367-abb6-4196-bf24-8d9361d3397f"", ""inverseOntologyProperty"": """"}]",La scaglia è stata campionata in corrispondenza dell'incavo sullo spigolo sinistro del margine anteriore del piano di attesa.,/files/uploadedfiles/cns-H13_159-E_FTIR.jpg,,FT-IR,"[{""resourceId"": ""50973533-f2fb-35f6-66cd-961541fa06a1"", ""ontologyProperty"": """", ""resourceXresourceId"": ""1ae626d1-67cb-4353-84a3-a77d44621ddd"", ""inverseOntologyProperty"": """"}]"
a95ae747-03da-0fa0-be08-641f015a338e,"[{""resourceId"": ""ce1d8b72-1f9f-e864-7c76-b2988cd5b7e4"", ""ontologyProperty"": """", ""resourceXresourceId"": ""49860408-6092-4530-b6ca-84b8038c3708"", ""inverseOntologyProperty"": """"}]","Il blocco presenta incrostazioni e depositi vari (neri, rosati e giallognoli).",polvere,H13_159-E,/files/uploadedfiles/cns-H13_159-E_macro.jpg,,,2013-08-29,Marmora,internal identifier,"[{""resourceId"": ""b106e128-924e-5d16-57a4-8d473f9c9958"", ""ontologyProperty"": """", ""resourceXresourceId"": ""22861599-a87f-4bd5-9bb1-0eae5a4d6762"", ""inverseOntologyProperty"": """"}]",,/files/uploadedfiles/cns-H13_159-E_XRD.jpg,,,"[{""resourceId"": ""9aa6ed27-9c5b-5868-556f-970f8bcb31b2"", ""ontologyProperty"": """", ""resourceXresourceId"": ""2478ba39-8c6e-4c15-b70b-0a7a888a7fee"", ""inverseOntologyProperty"": """"}]"
a95ae747-03da-0fa0-be08-641f015a338e,,,,,,,,,,,,,,,XRD,
a95ae747-03da-0fa0-be08-641f015a338e,,,,,,,,,,,,,/files/uploadedfiles/cns-H13_090-B_XRD.jpg,/files/uploadedfiles/cns-H13_090-B_grezzo.txt,XRD,
aadcfb98-f77b-5f9e-abb0-0937c669d586,"[{""resourceId"": ""ce1d8b72-1f9f-e864-7c76-b2988cd5b7e4"", ""ontologyProperty"": """", ""resourceXresourceId"": ""3b632ee1-fb7c-4aea-9355-e42a3f3672d0"", ""inverseOntologyProperty"": """"}]",Il blocco è caratterizzato da piccole mancanze e incrostazioni travertinose e terrose.,polvere,H13_090-B,/files/uploadedfiles/cns-H13_090-B_macro.jpg,,,2013-09-03,Marmora,internal identifier,"[{""resourceId"": ""7409dcef-382f-8e4c-49ab-c15388f93f31"", ""ontologyProperty"": """", ""resourceXresourceId"": ""7483c0f1-bc4f-4aa8-91fd-df59e7ece0c7"", ""inverseOntologyProperty"": """"}]",Incrostazione marrone su testa leonina di destra,/files/uploadedfiles/cns-H13_024-A_XRD.jpg,,XRD,"[{""resourceId"": ""7bde22dc-35a9-28dc-ca9e-bf4c30c2150a"", ""ontologyProperty"": """", ""resourceXresourceId"": ""19fa2120-9e2a-4f23-bd10-afc6d8dd8725"", ""inverseOntologyProperty"": """"}]"
b37d1e43-32b6-cae4-708f-247b2fd39e50,"[{""resourceId"": ""ce1d8b72-1f9f-e864-7c76-b2988cd5b7e4"", ""ontologyProperty"": """", ""resourceXresourceId"": ""bd529d59-9793-4b79-be21-ee6b2a7f4470"", ""inverseOntologyProperty"": """"}]","Il blocco presenta un pessimo stato di conservazione, grosse perdite di materiale, fratture, disgregazione granulare e colonizzazioni biologiche.",scaglia,H13_024-A,/files/uploadedfiles/cns-H13_024-A_macro.jpg,/files/uploadedfiles/cns-H13_024-A_bio.jpg,,2014-09-01,Marmora,internal identifier,"[{""resourceId"": ""7fd7087a-ef73-0b1c-e4b5-3580b1674d8b"", ""ontologyProperty"": """", ""resourceXresourceId"": ""e6e488dc-9522-4e2b-9e10-304c4fc44e6f"", ""inverseOntologyProperty"": """"}]",,/files/uploadedfiles/cns-H13_024-A_FTIR.jpg,,,"[{""resourceId"": ""d2984635-b944-c00f-0169-dade2de3a5ca"", ""ontologyProperty"": """", ""resourceXresourceId"": ""281e3a8d-8e11-463e-a305-de63042d8c01"", ""inverseOntologyProperty"": """"}]"
b37d1e43-32b6-cae4-708f-247b2fd39e50,,,,,,,,,,,,,,,FT-IR,
b37d1e43-32b6-cae4-708f-247b2fd39e50,,,,,,,,,,,,,/files/uploadedfiles/cns-H13_159-D_FTIR.jpg,,FT-IR,
b83fd1f9-a7d9-583e-5d11-05a0a8c46640,"[{""resourceId"": ""ce1d8b72-1f9f-e864-7c76-b2988cd5b7e4"", ""ontologyProperty"": """", ""resourceXresourceId"": ""15ee2ae8-5930-49e7-9458-3b16b53a762b"", ""inverseOntologyProperty"": """"}]","Il blocco presenta incrostazioni e depositi vari (neri, rosati e giallognoli).",polvere,H13_159-D,/files/uploadedfiles/cns-H13_159-D_macro.jpg,,,2013-08-29,Marmora,internal identifier,"[{""resourceId"": ""b106e128-924e-5d16-57a4-8d473f9c9958"", ""ontologyProperty"": """", ""resourceXresourceId"": ""0996865b-17c6-47ad-bdcd-fe31545670c3"", ""inverseOntologyProperty"": """"}]",,/files/uploadedfiles/cns-H13_159-D_XRD.jpg,,,"[{""resourceId"": ""db9428ae-668e-71be-8cc7-04d16aceb921"", ""ontologyProperty"": """", ""resourceXresourceId"": ""ac1ae2fe-8d62-4639-a1ca-987089826926"", ""inverseOntologyProperty"": """"}]"
b83fd1f9-a7d9-583e-5d11-05a0a8c46640,,,,,,,,,,,,,,,XRD,
b83fd1f9-a7d9-583e-5d11-05a0a8c46640,,,,,,,,,,,,,/files/uploadedfiles/cns-H13_239-A_XRD.jpg,,XRD,
cf3c5c1c-c816-2784-01db-ff9ac1f7882c,"[{""resourceId"": ""ce1d8b72-1f9f-e864-7c76-b2988cd5b7e4"", ""ontologyProperty"": """", ""resourceXresourceId"": ""13e18ce5-6d08-4541-bd8b-0caeae3ef044"", ""inverseOntologyProperty"": """"}]","Il blocco presenta perdita di materiale, patina biologica, patina rossa, croste nere localizzate.",scaglia,H13_239-A,/files/uploadedfiles/cns-H13_239-A_foto macro.jpg,/files/uploadedfiles/cns-H13_239-A_foto OM.jpg,,2014-09-03,Marmora,internal identifier,"[{""resourceId"": ""9749cd4e-c7a1-5ed7-7657-fcfb192405d3"", ""ontologyProperty"": """", ""resourceXresourceId"": ""0433672f-19ba-4245-8091-24dd282672bd"", ""inverseOntologyProperty"": """"}]",,/files/uploadedfiles/cns-H13_239-A_FTIR.jpg,,,"[{""resourceId"": ""4d2a0e83-7bae-7d53-05d7-a784103093f5"", ""ontologyProperty"": """", ""resourceXresourceId"": ""04c5c897-679f-4eea-9c9a-f9bdc0c1021a"", ""inverseOntologyProperty"": """"}]"
cf3c5c1c-c816-2784-01db-ff9ac1f7882c,,,,,,,,,,,,,,,FT-IR,
cf3c5c1c-c816-2784-01db-ff9ac1f7882c,,,,,,,,,,,,,/files/uploadedfiles/cns-H13_154-B_FTIR.jpg,,FT-IR,
d043ee46-2dfd-da69-2652-f30aa3a3c4f2,"[{""resourceId"": ""ce1d8b72-1f9f-e864-7c76-b2988cd5b7e4"", ""ontologyProperty"": """", ""resourceXresourceId"": ""7e8b3090-7d09-4f38-baa7-385f9a048bea"", ""inverseOntologyProperty"": """"}]",Il blocco è caratterizzato dalla presenza di colonizzazioni biologiche (patine nere) e da segni di lavorazione.,scaglia,H13_154-B,/files/uploadedfiles/cns-H13_154-B_macro.jpg,/files/uploadedfiles/cns-H13_154-B_OM.jpg,,2013-08-29,Marmora,internal identifier,"[{""resourceId"": ""1e90a321-3280-80db-ab6d-1732e3d9bdab"", ""ontologyProperty"": """", ""resourceXresourceId"": ""445d24b9-a4da-429c-b42f-9a00d05ca6bc"", ""inverseOntologyProperty"": """"}]",,/files/uploadedfiles/cns-H13_154-B_XRD.jpg,,,"[{""resourceId"": ""32933183-601d-1a48-53b2-870fbe1ea1a6"", ""ontologyProperty"": """", ""resourceXresourceId"": ""62cab7b9-2fcb-404b-b7f8-93e5c0939461"", ""inverseOntologyProperty"": """"}]"
d043ee46-2dfd-da69-2652-f30aa3a3c4f2,,,,,,,,,,,,,,,XRD,
d043ee46-2dfd-da69-2652-f30aa3a3c4f2,,,,,,,,,,,,,/files/uploadedfiles/cns-H13_088-B_XRD.jpg,/files/uploadedfiles/cns-H13_088-B_grezzo.txt,XRD,
d1507ae8-0951-7fc3-e926-b4e14285706a,"[{""resourceId"": ""ce1d8b72-1f9f-e864-7c76-b2988cd5b7e4"", ""ontologyProperty"": """", ""resourceXresourceId"": ""08bfe205-2eae-43ad-b109-3a4b564f47b8"", ""inverseOntologyProperty"": """"}]",Il blocco è caratterizzato da piccole mancanze e lieve perdita di modellato e da depositi nerastri.,polvere,H13_088-B,/files/uploadedfiles/cns-H13_088-B_macro.jpg,,,2013-09-03,Marmora,internal identifier,"[{""resourceId"": ""dfaffc04-ba05-a47a-a76b-602267c67302"", ""ontologyProperty"": """", ""resourceXresourceId"": ""820fb879-2855-4580-beb9-a8e74009c9e7"", ""inverseOntologyProperty"": """"}]","Patina nerastra sulla superficie frontale del fregio, a sinistra del triglifo centrale.",/files/uploadedfiles/cns-H13_119-B_FTIR.jpg,,FT-IR,"[{""resourceId"": ""f2085ac2-52ac-ce6b-e17f-ff72f31c1645"", ""ontologyProperty"": """", ""resourceXresourceId"": ""b24d697a-f4b6-47ad-ab73-9edecd416008"", ""inverseOntologyProperty"": """"}]"
d335bfdd-de92-0549-20bc-482022eec5c2,"[{""resourceId"": ""ce1d8b72-1f9f-e864-7c76-b2988cd5b7e4"", ""ontologyProperty"": """", ""resourceXresourceId"": ""94498204-4a88-47f4-924f-f7cbb3d11605"", ""inverseOntologyProperty"": """"}]",Il blocco è caratterizzato dalla presenza di patine biologiche e fenomeni di disgregazione granulare.,scaglia,H13_119-B,/files/uploadedfiles/cns-H13_119-B_macro.jpg,/files/uploadedfiles/cns-H13_119-B_ foto OM.jpg,,2014-08-28,Marmora,internal identifier,"[{""resourceId"": ""f2b5efd5-6b77-c125-9a55-3750e8e9e5a3"", ""ontologyProperty"": """", ""resourceXresourceId"": ""9bb0294c-84cf-486f-bd48-ad5e0a2f58f6"", ""inverseOntologyProperty"": """"}]",Porzione inferiore della colonna rimasta sotto la coltre di travertino fino al 2007.,/files/uploadedfiles/cns-H13_119-B_XRD.jpg,,,"[{""resourceId"": ""0ba2ea0d-acfe-5c08-739a-b96b1487c9de"", ""ontologyProperty"": """", ""resourceXresourceId"": ""66c5735d-dadf-4962-a905-3df02f42dbad"", ""inverseOntologyProperty"": """"}]"
d335bfdd-de92-0549-20bc-482022eec5c2,,,,,,,,,,,,,,,XRD,
d335bfdd-de92-0549-20bc-482022eec5c2,,,,,,,,,,,,,/files/uploadedfiles/cns-H13_206-B_XRD.jpg,,XRD,
dc5c11c6-2e25-c1ff-5201-4d096e14ffc5,"[{""resourceId"": ""ce1d8b72-1f9f-e864-7c76-b2988cd5b7e4"", ""ontologyProperty"": """", ""resourceXresourceId"": ""b66abd51-cc9b-4327-b125-52f10e3d0bf0"", ""inverseOntologyProperty"": """"}]","Il blocco presenta grosse fratture, perdita di materiale e disgregazione granulare.",,H13_206-B,/files/uploadedfiles/cns-H13_206-B_macro.jpg,,,2014-09-02,Marmora,internal identifier,"[{""resourceId"": ""f65740ed-4dd9-bf34-eb36-4b7dcfe87401"", ""ontologyProperty"": """", ""resourceXresourceId"": ""34b0c26a-9181-4fef-892b-2eb7c36e8193"", ""inverseOntologyProperty"": """"}]",,/files/uploadedfiles/cns-H13_159-S_FTIR.jpg,,FT-IR,"[{""resourceId"": ""b8fddbc0-416b-1459-d8c1-08a7a4190193"", ""ontologyProperty"": """", ""resourceXresourceId"": ""96b58b03-9d02-4adb-86b0-1cffaebc7b04"", ""inverseOntologyProperty"": """"}]"
de5eee56-a24e-e764-7155-5f0e937353a4,"[{""resourceId"": ""ce1d8b72-1f9f-e864-7c76-b2988cd5b7e4"", ""ontologyProperty"": """", ""resourceXresourceId"": ""4669fbd1-a56e-41a9-a468-bd89162e795a"", ""inverseOntologyProperty"": """"}]","Il blocco presenta incrostazioni e depositi vari (neri, rosati e giallognoli).",scaglia,H13_159-S,/files/uploadedfiles/cns-H13_159-S_macro.jpg,/files/uploadedfiles/cns-H13_159-S_OM.jpg,,2013-08-29,Marmora,internal identifier,"[{""resourceId"": ""b106e128-924e-5d16-57a4-8d473f9c9958"", ""ontologyProperty"": """", ""resourceXresourceId"": ""0fe4142c-d5f6-483d-9d27-7e43dbd1bfe1"", ""inverseOntologyProperty"": """"}]",,/files/uploadedfiles/cns-H13_088-A_XRD.jpg,/files/uploadedfiles/cns-H13_088-A_grezzo.txt,XRD,"[{""resourceId"": ""57c124b4-289e-bb6e-27e0-11da0be61b39"", ""ontologyProperty"": """", ""resourceXresourceId"": ""a0548abf-f50a-4ba7-afca-0f8950d49561"", ""inverseOntologyProperty"": """"}]"
dee19379-f9fb-b4cf-86dc-080ca54cffaf,"[{""resourceId"": ""ce1d8b72-1f9f-e864-7c76-b2988cd5b7e4"", ""ontologyProperty"": """", ""resourceXresourceId"": ""9987247e-11ff-4f21-b74b-e7df97b8b2cc"", ""inverseOntologyProperty"": """"}]",Il blocco è caratterizzato da piccole mancanze e lieve perdita di modellato e da depositi nerastri.,polvere,H13_088-A,/files/uploadedfiles/cns-H13_088-A_macro.jpg,,,2013-09-03,Marmora,internal identifier,"[{""resourceId"": ""dfaffc04-ba05-a47a-a76b-602267c67302"", ""ontologyProperty"": """", ""resourceXresourceId"": ""9a480591-6ee5-4b3d-9e17-afcd247a79e7"", ""inverseOntologyProperty"": """"}]",Patina giallastra in corrispondenza del triglifo di sinistra.,/files/uploadedfiles/cns-H13_149-A_XRD.jpg,,XRD,"[{""resourceId"": ""c7f8615f-0969-9d9d-3e14-12f7f0dbcea4"", ""ontologyProperty"": """", ""resourceXresourceId"": ""c1f036ea-c350-4acf-afb8-de37417434d3"", ""inverseOntologyProperty"": """"}]"
df7e824f-4a21-edda-1647-f1f70186a807,"[{""resourceId"": ""ce1d8b72-1f9f-e864-7c76-b2988cd5b7e4"", ""ontologyProperty"": """", ""resourceXresourceId"": ""7d08c709-983e-499a-b1d4-e8a71a5a5059"", ""inverseOntologyProperty"": """"}]",Il blocco presenta un buono stato di conservazione. Presenti incrostazioni e depositi nelle aree di sottosquadra,polvere,H13_149-A,/files/uploadedfiles/cns-H13_149-A_macro.jpg,,,2014-09-02,Marmora,internal identifier,"[{""resourceId"": ""2cf8b59a-e654-9170-c762-58add1cffa34"", ""ontologyProperty"": """", ""resourceXresourceId"": ""9dd97aa2-d44f-434d-8785-534f7a9f823b"", ""inverseOntologyProperty"": """"}]","Polvere rossastra campionata sopra l'intreccio dei tralci, al di sotto del motivo a pigna.",/files/uploadedfiles/cns-H13_131-A_XRD.jpg,,XRD,"[{""resourceId"": ""cfc55172-19cf-b81b-2969-c6ffb3238729"", ""ontologyProperty"": """", ""resourceXresourceId"": ""03839da6-d54a-4ff1-a2ab-b2e3e331b107"", ""inverseOntologyProperty"": """"}]"
e050eea6-e74c-19b6-5cdb-a6625ada55ea,"[{""resourceId"": ""ce1d8b72-1f9f-e864-7c76-b2988cd5b7e4"", ""ontologyProperty"": """", ""resourceXresourceId"": ""7f229426-eeb2-4697-b793-f13746e24f39"", ""inverseOntologyProperty"": """"}]","Il blocco è interessato da una frattura che lo attraversa interamente, incrostazioni e depositi terrosi e da colonizzazioni biologiche (licheni).",frammento,H13_131-A,/files/uploadedfiles/cns-H13_131-A_macro.jpg,,,2014-09-02,Marmora,internal identifier,"[{""resourceId"": ""367afc26-4dad-9e6c-74c3-a6a524c38b98"", ""ontologyProperty"": """", ""resourceXresourceId"": ""8fbf3021-e883-4fe1-a3d8-f08ab676abf9"", ""inverseOntologyProperty"": """"}]",Il frammento è stato campionato in corrispondenza della frattura vicino ad uno dei due incassi.,/files/uploadedfiles/cns-H13_023-A_FTIR.jpg,,FT-IR,"[{""resourceId"": ""868a1d8c-72ef-c3eb-c95e-1bc37ed273d9"", ""ontologyProperty"": """", ""resourceXresourceId"": ""c1f2b424-5f25-47df-8894-8ff8581e0b56"", ""inverseOntologyProperty"": """"}]"
e0e99acb-e76b-240f-2095-b908d16f7f48,"[{""resourceId"": ""ce1d8b72-1f9f-e864-7c76-b2988cd5b7e4"", ""ontologyProperty"": """", ""resourceXresourceId"": ""2ba5a359-2eab-4447-a1d3-42f0e0ac7f4c"", ""inverseOntologyProperty"": """"}]","Il blocco presenta perdita di materiale e di modellato, colonizzazioni biologiche, fratture, disgregazione granulare e poche incrostazioni.",scaglia,H13_023-A,/files/uploadedfiles/cns-H13_023-A_macro.jpg,/files/uploadedfiles/cns-H13_023-A_OM.jpg,,2014-09-01,Marmora,internal identifier,"[{""resourceId"": ""19e84040-b098-95e9-7026-e648267dc015"", ""ontologyProperty"": """", ""resourceXresourceId"": ""55386b20-73ac-4d33-aec8-9f959a47fe44"", ""inverseOntologyProperty"": """"}]",,/files/uploadedfiles/cns-H13_023-A_XRD.jpg,,,"[{""resourceId"": ""e4aad48a-2788-dde4-0ae4-bd300629f2fd"", ""ontologyProperty"": """", ""resourceXresourceId"": ""a39125d3-0ac0-4aff-8a22-8902f79a38b4"", ""inverseOntologyProperty"": """"}]"
e0e99acb-e76b-240f-2095-b908d16f7f48,,,,,,,,,,,,,,,XRD,
e0e99acb-e76b-240f-2095-b908d16f7f48,,,,,,,,,,,,,/files/uploadedfiles/cns-H13_101-B_XRD.jpg,,XRD,
e0f333c7-8a8a-65db-b0ba-52caad95baf0,"[{""resourceId"": ""ce1d8b72-1f9f-e864-7c76-b2988cd5b7e4"", ""ontologyProperty"": """", ""resourceXresourceId"": ""1802cb6d-9d7c-48b6-8370-319893f2c10f"", ""inverseOntologyProperty"": """"}]",Il blocco è interessato da depositi e incrostazioni terrose.,scaglia,H13_101-B,/files/uploadedfiles/cns-H13_101-B_macro.jpg,/files/uploadedfiles/cns-H13_101-B_OM.jpg,,2013-09-05,Marmora,internal identifier,"[{""resourceId"": ""62e2eb97-6dcd-f257-8cde-e3194e71e3af"", ""ontologyProperty"": """", ""resourceXresourceId"": ""31103718-e080-47fb-b449-405ed484211f"", ""inverseOntologyProperty"": """"}]",,/files/uploadedfiles/cns-H13_101-B_FTIR.jpg,,,"[{""resourceId"": ""094004cd-6a7f-da2e-668c-f66bd31c1183"", ""ontologyProperty"": """", ""resourceXresourceId"": ""d98cd6e4-1f3b-4d53-86db-3e790fde9593"", ""inverseOntologyProperty"": """"}]"
e0f333c7-8a8a-65db-b0ba-52caad95baf0,,,,,,,,,,,,,,,FT-IR,
e0f333c7-8a8a-65db-b0ba-52caad95baf0,,,,,,,,,,,,,/files/uploadedfiles/cns-H13_046-A_FTIR.jpg,,FT-IR,
e6031f69-2565-6c0b-a9ff-534aa0cc6238,"[{""resourceId"": ""ce1d8b72-1f9f-e864-7c76-b2988cd5b7e4"", ""ontologyProperty"": """", ""resourceXresourceId"": ""303863c9-9f75-43d0-b984-5dff119d4d2f"", ""inverseOntologyProperty"": """"}]","Il blocco è interessato da incrostazioni nerastre, depositi terrosi e perdita parziale di materiale.",scaglia,H13_046-A,/files/uploadedfiles/cns-H13_046-A_foto macro.jpg,/files/uploadedfiles/cns-H13_046-A_foto OM.jpg,,2014-09-01,Marmora,internal identifier,"[{""resourceId"": ""0bd7ba9c-416a-d70f-47aa-d307bb493d4e"", ""ontologyProperty"": """", ""resourceXresourceId"": ""8267c7d1-c113-432e-8081-ea2942071186"", ""inverseOntologyProperty"": """"}]",,/files/uploadedfiles/cns-H13_046-A_XRD.jpg,,,"[{""resourceId"": ""98c1b7c2-9e75-6d62-03ff-0427d5d0505d"", ""ontologyProperty"": """", ""resourceXresourceId"": ""6b773009-5593-46af-9ab1-d82f10dde67c"", ""inverseOntologyProperty"": """"}]"
e6031f69-2565-6c0b-a9ff-534aa0cc6238,,,,,,,,,,,,,,,XRD,
e6031f69-2565-6c0b-a9ff-534aa0cc6238,,,,,,,,,,,,,/files/uploadedfiles/cns-H13_150-A_FTIR.jpg,,FT-IR,
e67e0e19-980e-5f1e-24a5-a805cb03bda7,"[{""resourceId"": ""ce1d8b72-1f9f-e864-7c76-b2988cd5b7e4"", ""ontologyProperty"": """", ""resourceXresourceId"": ""4809186e-e30c-4ec0-9cbe-d46bfa4b792e"", ""inverseOntologyProperty"": """"}]","Il blocco presenta mancanze e colonizzazioni biologiche (patine nere, licheni bianchi e grigi).",polvere,H13_150-A,/files/uploadedfiles/cns-H13_150-A_macro.jpg,,,2013-08-29,Marmora,internal identifier,"[{""resourceId"": ""c2097e19-1957-e28c-5e7a-6524cab15b63"", ""ontologyProperty"": """", ""resourceXresourceId"": ""8c6e7922-5bdd-47e0-be4d-c5b7a9ff0a8b"", ""inverseOntologyProperty"": """"}]",Polvere campionata dall'angolo in alto a sinistra della cornice definita da ovoli.,/files/uploadedfiles/cns-H13_150-A_XRD.jpg,,,"[{""resourceId"": ""cb0e9bc2-2299-5e60-47d4-68c6aaa2248c"", ""ontologyProperty"": """", ""resourceXresourceId"": ""36501672-d2f5-4caa-9cd3-e442eb79f2a4"", ""inverseOntologyProperty"": """"}]"
e67e0e19-980e-5f1e-24a5-a805cb03bda7,,,,,,,,,,,,,,,XRD,
e67e0e19-980e-5f1e-24a5-a805cb03bda7,,,,,,,,,,,,,/files/uploadedfiles/cns-H13_208-B_XRD.jpg,,XRD,
ed9f5233-653d-2464-eec2-f27c24ebd409,"[{""resourceId"": ""ce1d8b72-1f9f-e864-7c76-b2988cd5b7e4"", ""ontologyProperty"": """", ""resourceXresourceId"": ""d1f89f1b-720b-4731-bfec-8165f6cea94c"", ""inverseOntologyProperty"": """"}]",Il blocco presenta incrostazioni ed una grossa frattura che lo attraversa interamente.,scaglia,H13_208-B,/files/uploadedfiles/cns-H13_208-B_macro.jpg,/files/uploadedfiles/cns-H13_208-B_OM.jpg,,2013-08-29,Marmora,internal identifier,"[{""resourceId"": ""ae9344df-0e1d-25b5-8cd9-ec844cf67f0d"", ""ontologyProperty"": """", ""resourceXresourceId"": ""ecf2a971-fbf3-4319-915c-a01baa85ae8e"", ""inverseOntologyProperty"": """"}]",,/files/uploadedfiles/cns-H13_208-B_FTIR.jpg,,,"[{""resourceId"": ""01433d7a-db1d-cf50-40e5-e9f34a449c07"", ""ontologyProperty"": """", ""resourceXresourceId"": ""9776fa60-b0de-42d4-a1ac-65501aa1d9f6"", ""inverseOntologyProperty"": """"}]"
ed9f5233-653d-2464-eec2-f27c24ebd409,,,,,,,,,,,,,,,FT-IR,
ed9f5233-653d-2464-eec2-f27c24ebd409,,,,,,,,,,,,,/files/uploadedfiles/cns-H13_150-B_XRD.jpg,,XRD,
edf1379f-3090-a8c8-0b8c-176f0785a246,"[{""resourceId"": ""ce1d8b72-1f9f-e864-7c76-b2988cd5b7e4"", ""ontologyProperty"": """", ""resourceXresourceId"": ""7619c5af-d78e-43c3-bfa3-77892890f3ce"", ""inverseOntologyProperty"": """"}]","Il blocco presenta mancanze e colonizzazioni biologiche (patine nere, licheni bianchi e grigi).",polvere,H13_150-B,/files/uploadedfiles/cns-H13_150-B_macro.jpg,,,2013-08-29,Marmora,internal identifier,"[{""resourceId"": ""c2097e19-1957-e28c-5e7a-6524cab15b63"", ""ontologyProperty"": """", ""resourceXresourceId"": ""3dd6d79c-0881-4ddd-9685-1693b7f1bac7"", ""inverseOntologyProperty"": """"}]",La polvere è stata campionata in corrispondenza della foglia acantina.,/files/uploadedfiles/cns-H13_150-B_FTIR.jpg,,,"[{""resourceId"": ""e4bc9409-e607-5798-f2f2-3f4a85a6a959"", ""ontologyProperty"": """", ""resourceXresourceId"": ""4ac5c8c6-c22f-49bd-a9b8-f16763251466"", ""inverseOntologyProperty"": """"}]"
edf1379f-3090-a8c8-0b8c-176f0785a246,,,,,,,,,,,,,,,FT-IR,
edf1379f-3090-a8c8-0b8c-176f0785a246,,,,,,,,,,,,,/files/uploadedfiles/cns-H13_208-A_FTIR.jpg,,FT-IR,
fca4e8bd-9f03-1fda-60b6-5ad5d28e58fc,"[{""resourceId"": ""ce1d8b72-1f9f-e864-7c76-b2988cd5b7e4"", ""ontologyProperty"": """", ""resourceXresourceId"": ""01906405-8c6a-4f6b-98dd-ae844ffe5973"", ""inverseOntologyProperty"": """"}]",Il blocco presenta incrostazioni ed una grossa frattura che lo attraversa interamente.,polvere,H13_208-A,/files/uploadedfiles/cns-H13_208-A_macro.jpg,,,2013-08-29,Marmora,internal identifier,"[{""resourceId"": ""ae9344df-0e1d-25b5-8cd9-ec844cf67f0d"", ""ontologyProperty"": """", ""resourceXresourceId"": ""8beed61d-fd29-4ee7-82f4-d2d1f506f560"", ""inverseOntologyProperty"": """"}]",,/files/uploadedfiles/cns-H13_208-A_XRD.jpg,,,"[{""resourceId"": ""3a4bd0b6-8f65-72e4-67b3-1d515be39a0c"", ""ontologyProperty"": """", ""resourceXresourceId"": ""3db22a30-4181-4400-bc6a-032278ed315c"", ""inverseOntologyProperty"": """"}]"
fca4e8bd-9f03-1fda-60b6-5ad5d28e58fc,,,,,,,,,,,,,,,XRD,
fca4e8bd-9f03-1fda-60b6-5ad5d28e58fc,,,,,,,,,,,,,/files/uploadedfiles/cns-H13_035-B_XRD.jpg,,XRD,
fce56e93-5fb6-c81e-59fa-b5af35cf71af,"[{""resourceId"": ""ce1d8b72-1f9f-e864-7c76-b2988cd5b7e4"", ""ontologyProperty"": """", ""resourceXresourceId"": ""3f2230c0-662f-4d0d-bf96-934e690d8e6c"", ""inverseOntologyProperty"": """"}]","Il blocco presenta un degrado differenziale: una porzione è interessata da colonizzazioni biologiche, un'altra porzione presenta un aspetto alabastrino (riprecipitazione a seguito di qualcosa a contatto col marmo o impurezze all'interno del marmo stesso?)",scaglia,H13_035-B,/files/uploadedfiles/cns-H13_035-B_foto macro.jpg,"/files/uploadedfiles/cns-H13_035-B_foto OM (1).jpg,/files/uploadedfiles/cns-H13_035-B_foto OM.jpg",,2014-09-01,Marmora,internal identifier,"[{""resourceId"": ""f6c19693-c11d-3bae-a990-63dbe43e69c0"", ""ontologyProperty"": """", ""resourceXresourceId"": ""8ab76233-e10b-4a01-b669-a249f407876e"", ""inverseOntologyProperty"": """"}]",,/files/uploadedfiles/cns-H13_035-B_FTIR.jpg,,,"[{""resourceId"": ""959b8c8b-3a28-0f5e-63c1-c84bc8c0f0a7"", ""ontologyProperty"": """", ""resourceXresourceId"": ""0fe881ae-09ba-489c-a4b6-09e7d8ff16e1"", ""inverseOntologyProperty"": """"}]"
fce56e93-5fb6-c81e-59fa-b5af35cf71af,,,,,,,,,,,,,,,FT-IR,
fce56e93-5fb6-c81e-59fa-b5af35cf71af,,,,,,,,,,,,,/files/uploadedfiles/cns-H13_101-A_FTIR.jpg,,FT-IR,
fd7c4cfd-81cf-1171-ad1f-d63ecf2800b6,"[{""resourceId"": ""ce1d8b72-1f9f-e864-7c76-b2988cd5b7e4"", ""ontologyProperty"": """", ""resourceXresourceId"": ""8e848f27-b824-47d4-8bf0-4b9faffe836e"", ""inverseOntologyProperty"": """"}]",Il blocco è interessato da depositi e incrostazioni terrose.,scaglia,H13_101-A,/files/uploadedfiles/cns-H13_101-A_macro.jpg,/files/uploadedfiles/cns-H13_101-A_OM.jpg,,2013-09-05,Marmora,internal identifier,"[{""resourceId"": ""62e2eb97-6dcd-f257-8cde-e3194e71e3af"", ""ontologyProperty"": """", ""resourceXresourceId"": ""88d61411-abd2-4ecb-b7a5-0208e24d99b7"", ""inverseOntologyProperty"": """"}]",,/files/uploadedfiles/cns-H13_101-A_XRD.jpg,,,"[{""resourceId"": ""0f4378c0-3603-a4a4-8837-8ff226e83f74"", ""ontologyProperty"": """", ""resourceXresourceId"": ""9948c101-2cf6-4b49-a9fe-0367cf94a112"", ""inverseOntologyProperty"": """"}]"
fd7c4cfd-81cf-1171-ad1f-d63ecf2800b6,,,,,,,,,,,,,,,XRD,
fd7c4cfd-81cf-1171-ad1f-d63ecf2800b6,,,,,,,,,,,,,,,,
